Id,Character,Occupation
1,Aaron Taylor-Johnson,model
2,Adam Levine,model
3,Adrian Brody,model
4,Aiden Turner,model
5,Alexander Skarsg√•rd,model
6,Andrew Garfield,model
7,Anthony Mackie,model
8,Arthur Conan Doyle,model
9,Austin Butler,model
10,Barrett Wilbert Weed,model
11,Benjamin Bratt,model
12,Blake Lively,model
13,Bradley Cooper,model
14,Brandon Flynn,model
15,Brenton Thwaites,model
16,Brian Cox,model
17,Brock O'Hurn,model
18,Bryce Dallas Howard,model
19,Caleb Landry Jones,model
20,Cameron Monaghan,model
21,Carl Weathers,model
22,Carter Reum,model
23,Charles Leclerc,model
24,Christian Bale,model
25,Christopher Nolan,model
26,Colin Farrell,model
27,Connor Jessup,model
28,Daniel Radcliffe,model
29,David Beckham,model
30,Derek Hough,model
31,Dylan O'Brien,model
32,Edward Norton,model
33,Elijah Wood,model
34,Eric Bana,model
35,Ethan Hawke,model
36,Evan Peters,model
37,Gabriel Macht,model
38,Garrett Hedlund,model
39,Gavin Rossdale,model
40,George Clooney,model
41,Grant Gustin,model
42,Gregory Peck,model
43,Hayden Christensen,model
44,Hunter Schafer,model
45,Ian Somerhalder,model
46,Isaac Hempstead Wright,model
47,Jacob Elordi,model
48,James McAvoy,model
49,Jason Momoa,model
50,Jared Leto,model
51,Jeremy Renner,model
52,Jesse Eisenberg,model
53,John Krasinski,model
54,Jonathan Majors,model
55,Jordan Fisher,model
56,Joseph Gordon-Levitt,model
57,Joshua Bassett,model
58,Julian Dennison,model
59,Justin Timberlake,model
60,Keith Urban,model
61,Kevin Hart,model
62,Kieran Culkin,model
63,Kyle Chandler,model
64,Landon Barker,model
65,Logan Lerman,model
66,Luke Combs,model
67,Mark Ruffalo,model
68,Mason Mount,model
69,Matthew McConaughey,model
70,Michael B. Jordan,model
71,Mitchell Hope,model
72,Nathan Fillion,model
73,Nicholas Hoult,model
74,Noah Centineo,model
75,Oliver Jackson-Cohen,model
76,Owen Wilson,model
77,Patrick Dempsey,model
78,Paul Rudd,model
79,Peter Dinklage,model
80,Philip Seymour Hoffman,model
81,Raymond Reddington,model
82,Richard Madden,model
83,Robert Pattinson,model
84,Ryan Reynolds,model
85,Samuel L. Jackson,model
86,Sean Penn,model
87,Seth Rogen,model
88,Steven Yeun,model
89,Thomas Brodie-Sangster,model
90,Timothy Chalamet,model
91,Tyler Posey,model
92,Victor Krum,model
93,Vincent D'Onofrio,model
94,Walter White,model
95,William Levy,model
96,Zachary Levi,model
97,Alex Pettyfer,model
98,Ben Affleck,model
99,Chris Evans,model
100,Dan Levy,model
101,Abigail Cowen,model
102,Alexandra Daddario,model
103,Alice Eve,model
104,Alyssa Milano,model
105,Amanda Seyfried,model
106,Amelia Gray Hamlin,model
107,Andrea Riseborough,model
108,Angela Bassett,model
109,Anna Kendrick,model
110,Ashley Benson,model
111,Audrey Hepburn,model
112,Ava Phillippe,model
113,Barbara Palvin,model
114,Beatrice Borromeo,model
115,Bella Hadid,model
116,Brenda Song,model
117,Briana DeJesus,model
118,Brittany Snow,model
119,Brooke Shields,model
120,Caitlin Jenner,model
121,Carla Gugino,model
122,Carla Bruni,model
123,Caroline Wozniacki,model
124,Cassandra Peterson,model
125,Catherine Zeta-Jones,model
126,Cecilia Cheung,model
127,Charlotte Le Bon,model
128,Chloe Grace Moretz,model
129,Christina Ricci,model
130,Christine Baranski,model
131,Claire Danes,model
132,Clara Luciani,model
133,Claudia Schiffer,model
134,Colleen Ballinger,model
135,Courtney Cox,model
136,Cynthia Erivo,model
137,Daisy Ridley,model
138,Danielle Rose Russell,model
139,Deborah Ann Woll,model
140,Debra Messing,model
141,Denise Richards,model
142,Diana Ross,model
143,Donna Mills,model
144,Doris Day,model
145,Dorothy Dandridge,model
146,Edith Piaf,model
147,Eleanor Tomlinson,model
148,Elizabeth Olsen,model
149,Ella Balinska,model
150,Emily Blunt,model
151,Emma Stone,model
152,Erica Durance,model
153,Erin Moriarty,model
154,Esther Williams,model
155,Eva Mendes,model
156,Evelyn Hugo,model
157,Faith Hill,model
158,Felicity Jones,model
159,Fiona Apple,model
160,Gabrielle Union,model
161,Grace Kelly,model
162,Hannah Simone,model
163,Heather Graham,model
164,Helen Mirren,model
165,Irene Cara,model
166,Iris Law,model
167,Isabella Rossellini,model
168,Jacqueline Kennedy Onassis,model
169,Jane Fonda,model
170,Jasmine Tookes,model
171,Jennifer Lawrence,model
172,Jessica Alba,model
173,Joan Collins,model
174,Joanne Froggatt,model
175,Jodi Lyn O'Keefe,model
176,Judy Garland,model
177,Julia Roberts,model
178,Julie Andrews,model
179,Karen Gillan,model
180,Katherine Langford,model
181,Kathleen Turner,model
182,Katie Holmes,model
183,Kimberly Williams-Paisley,model
184,Laura Dern,model
185,Lauren Graham,model
186,Lena Headey,model
187,Linda Evangelista,model
188,Lisa Kudrow,model
189,Lori Loughlin,model
190,Louise Bourgoin,model
191,Lucy Hale,model
192,Lydia Hearst,model
193,Madeleine Mantock,model
194,Maggie Smith,model
195,Margaret Qualley,model
196,Maria Sharapova,model
197,Marie Curie,model
198,Marilyn Monroe,model
199,Martha Stewart,model
200,Mary-Kate Olsen,model
